material,test,result
C_mp-66,337.0,343.79931640625
TiC_mp-631,681.0,189.23712158203125
BN_mp-984,512.0,287.59033203125
TiN_mp-492,445.0,217.6551971435547
