material,test,result
C_mp-66,79.0,343.7992858886719
TiC_mp-631,787.0,189.23715209960938
TiN_mp-492,414.0,217.6551971435547
BN_mp-984,693.0,287.59033203125
