material,test,result
C_mp-66,255.0,343.7992858886719
BN_mp-984,695.0,287.59033203125
TiC_mp-631,519.0,189.23715209960938
TiN_mp-492,60.0,217.6551971435547
